Workbook

Sheet CRM_Hypospot
A1: 📋 CRM HYPOSPOT SHOES CARE — Customer Relationship Management
A2: NO | B2: NAMA CUSTOMER | C2: NO. WHATSAPP | D2: PLATFORM | E2: STATUS PROSPEK | F2: PRODUK/INTEREST | G2: PRODUK CROSS-SELL | H2: TGL MASUK | I2: JADWAL FU | J2: PRIORITAS FU | K2: LAST CONTACT | L2: FREKUENSI BELI | M2: EST. VALUE (Rp) | N2: CATATAN ADMIN | O2: STATUS UPDATE
A3: 1 | B3: Budi Santoso | C3: 081234567890 | D3: Shopee | E3: Hot | F3: Shoe Cleaner Premium | G3: Brush Set + Waterproof | H3: 2026-06-01 | I3: 2026-06-20 | J3: Besok | K3: 2026-06-15 | L3: 3x | M3: 185000 | N3: Minta diskon, interested produk bundle | O3: Aktif
A4: 2 | B4: Siti Rahma | C4: 085678901234 | D4: TikTok Shop | E4: Warm | F4: Sneaker Cleaner | G4: Deodorizer Spray | H4: 2026-06-05 | I4: 2026-06-26 | J4: Minggu Ini | K4: 2026-06-10 | L4: 1x | M4: 75000 | N4: Tanya stok warna putih | O4: Aktif
A5: 3 | B5: Ahmad Fauzi | C5: 087890123456 | D5: Tokopedia | E5: Cross-sell | F5: Brush Set | G5: Conditioner Leather + Polish | H5: 2026-05-20 | I5: 2026-07-01 | J5: Bulan Ini | K5: 2026-06-01 | L5: 5x | M5: 320000 | N5: Pelanggan loyal, suka produk premium | O5: Aktif
A6: 4 | B6: Dewi Lestari | C6: 081122334455 | D6: WhatsApp Langsung | E6: Follow-up | F6: Waterproof Spray | G6: Cleaning Kit Bundle | H6: 2026-06-10 | I6: 2026-06-25 | J6: Minggu Ini | K6: 2026-06-10 | L6: 2x | M6: 150000 | N6: Sudah pernah beli, minta restock info | O6: Aktif
A7: 5 | B7: Reza Pratama | C7: 082233445566 | D7: Offline / B2B | E7: Cold | F7: Shoe Polish | G7: — | H7: 2026-06-15 | I7: 2026-07-15 | J7: Bulan Ini | K7: 2026-06-15 | L7: 1x | M7: 50000 | N7: Baru kenal produk, masih compare harga | O7: Aktif

Sheet Dashboard
A1: DASHBOARD CRM — HYPOSPOT SHOES CARE
A2: Auto-generated | Update: 19 June 2026
A4: METRIK | B4: JUMLAH | C4: KETERANGAN
A5: Total Customer | B5: =COUNTA(CRM_Hypospot!B3:B500) | C5: Semua customer terdaftar
A6: 🔥 Hot Prospect | B6: =COUNTIF(CRM_Hypospot!E3:E500,"Hot") | C6: Siap beli, prioritas tertinggi
A7: Warm Prospect | B7: =COUNTIF(CRM_Hypospot!E3:E500,"Warm") | C7: Tertarik, perlu nurture
A8: Cold Prospect | B8: =COUNTIF(CRM_Hypospot!E3:E500,"Cold") | C8: Masih riset / belum yakin
A9: Follow-up Needed | B9: =COUNTIF(CRM_Hypospot!E3:E500,"Follow-up") | C9: Pernah beli, perlu di-follow
A10: Cross-sell Ready | B10: =COUNTIF(CRM_Hypospot!E3:E500,"Cross-sell") | C10: Siap ditawarkan produk lain
A11: Lost | B11: =COUNTIF(CRM_Hypospot!E3:E500,"Lost") | C11: Tidak jadi / tidak responsif
A12: FU Hari Ini / Besok | B12: =COUNTIFS(CRM_Hypospot!J3:J500,"Hari Ini")+COUNTIFS(CRM_Hypospot!J3:J500,"Besok") | C12: Prioritas follow-up segera
A13: FU Minggu Ini | B13: =COUNTIF(CRM_Hypospot!J3:J500,"Minggu Ini") | C13: Follow-up dalam 7 hari
A14: FU Bulan Ini | B14: =COUNTIF(CRM_Hypospot!J3:J500,"Bulan Ini") | C14: Follow-up dalam 30 hari
A15: Est. Total Pipeline | B15: =SUMIF(CRM_Hypospot!O3:O500,"Aktif",CRM_Hypospot!M3:M500) | C15: Total estimasi nilai pipeline aktif
A16: Avg. Est. Value | B16: =IFERROR(AVERAGEIF(CRM_Hypospot!O3:O500,"Aktif",CRM_Hypospot!M3:M500),0) | C16: Rata-rata nilai per customer
A18: BREAKDOWN PER PLATFORM
A19: Platform | B19: Jumlah | C19: % dari Total
A20: Shopee | B20: =COUNTIF(CRM_Hypospot!D3:D500,"Shopee") | C20: =IFERROR(B20/B5,0)
A21: TikTok Shop | B21: =COUNTIF(CRM_Hypospot!D3:D500,"TikTok Shop") | C21: =IFERROR(B21/B5,0)
A22: Tokopedia | B22: =COUNTIF(CRM_Hypospot!D3:D500,"Tokopedia") | C22: =IFERROR(B22/B5,0)
A23: WhatsApp Langsung | B23: =COUNTIF(CRM_Hypospot!D3:D500,"WhatsApp Langsung") | C23: =IFERROR(B23/B5,0)
A24: Offline / B2B | B24: =COUNTIF(CRM_Hypospot!D3:D500,"Offline / B2B") | C24: =IFERROR(B24/B5,0)

Sheet 📖 Panduan
A1: PANDUAN PENGISIAN CRM HYPOSPOT
A2: KOLOM | B2: PENJELASAN
A3: Nama Customer | B3: Nama lengkap / username marketplace customer
A4: No. WhatsApp | B4: Format: 08xxxxxxxxxx (tanpa +62)
A5: Platform | B5: Pilih dari dropdown: Shopee / TikTok Shop / Tokopedia / WA / Offline
A6: Status Prospek | B6: Hot = siap beli | Warm = tertarik | Cold = masih lihat | Follow-up = pernah beli | Cross-sell = siap produk lain | Lost = batal
A7: Produk/Interest | B7: Produk yang ditanyakan atau sudah dibeli
A8: Produk Cross-sell | B8: Rekomendasi produk tambahan yang relevan untuk ditawarkan
A9: Tgl Masuk | B9: Tanggal pertama kali customer masuk/diinput (format DD/MM/YYYY)
A10: Jadwal FU | B10: Tanggal rencana follow-up berikutnya
A11: Prioritas FU | B11: Dropdown: Hari Ini / Besok / Minggu Ini / Bulan Ini / Sudah FU
A12: Last Contact | B12: Tanggal terakhir kontak dengan customer
A13: Frekuensi Beli | B13: Berapa kali customer sudah beli (contoh: 3x)
... A24: LOST (merah) | B24: Tidak jadi beli — arsipkan, bisa di-revive nanti
A26: TIPS ADMIN
A27: Update rutin | B27: Isi setiap ada interaksi dengan customer, minimal 1x sehari
A28: Prioritas FU | B28: Urut follow-up: Hari Ini → Besok → Minggu Ini → Bulan Ini
A29: Cross-sell | B29: Lihat tab Dashboard untuk customer cross-sell terbanyak
A30: Backup | B30: Export CSV setiap minggu sebagai backup
